/*
 Navicat Premium Data Transfer

 Source Server         : 106.13.5.29_3308
 Source Server Type    : MySQL
 Source Server Version : 80024
 Source Host           : 106.13.5.29:3308
 Source Schema         : dasq

 Target Server Type    : MySQL
 Target Server Version : 80024
 File Encoding         : 65001

 Date: 13/10/2022 14:16:42
*/

SET NAMES utf8mb4;
SET
FOREIGN_KEY_CHECKS = 0;

-- ----------------------------
-- Table structure for TB_CQ_METHOD_INFO
-- ----------------------------
DROP TABLE IF EXISTS `TB_CQ_METHOD_INFO`;
CREATE TABLE `TB_CQ_METHOD_INFO`
(
    `ID`          bigint(0) NOT NULL COMMENT 'ID',
    `TYPE_ID`     bigint(0) NOT NULL COMMENT '方法类型id',
    `PARAMETERS`  varchar(255) CHARACTER SET utf8mb4 COLLATE utf8mb4_0900_ai_ci NOT NULL COMMENT '方法参数(可为集合,以\', \
    '分割,影响先后顺序)',
    `ENABLE`      tinyint(1) NOT NULL COMMENT '是否启用(0:fasle;1:true)',
    `DESCRIPTION` varchar(255) CHARACTER SET utf8mb4 COLLATE utf8mb4_0900_ai_ci NOT NULL COMMENT '描述',
    `IS_DELETE`   varchar(255) CHARACTER SET utf8mb4 COLLATE utf8mb4_0900_ai_ci NULL DEFAULT NULL COMMENT '逻辑删除(0:未删除;1:删除)',
    `CREATE_USER` varchar(255) CHARACTER SET utf8mb4 COLLATE utf8mb4_0900_ai_ci NULL DEFAULT NULL COMMENT '创建用户',
    `CREATE_TIME` datetime(0) NULL DEFAULT NULL COMMENT '创建时间',
    `UPDATE_USER` varchar(255) CHARACTER SET utf8mb4 COLLATE utf8mb4_0900_ai_ci NULL DEFAULT NULL COMMENT '更新用户',
    `UPDATE_TIME` datetime(0) NULL DEFAULT NULL COMMENT '更新时间',
    PRIMARY KEY (`ID`) USING BTREE
) ENGINE = InnoDB CHARACTER SET = utf8mb4 COLLATE = utf8mb4_0900_ai_ci COMMENT = '方法详情' ROW_FORMAT = Dynamic;

-- ----------------------------
-- Records of TB_CQ_METHOD_INFO
-- ----------------------------
INSERT INTO `TB_CQ_METHOD_INFO`
VALUES (0, 0, '{pong}', 1, 'playPingPong', '0', 'das', '2001-12-22 12:22:22', 'das', '2001-12-22 12:22:22');
INSERT INTO `TB_CQ_METHOD_INFO`
VALUES (1, 0, '{1.ping play PingPong\r\n2.version 查看版本号\r\n3.help 获取蚌住文档}', 1, '获取帮助文档', '1', 'das',
        '2001-12-22 12:22:22', 'das', '2001-12-22 12:22:22');
INSERT INTO `TB_CQ_METHOD_INFO`
VALUES (2, 0, '{当前版本:v0.1 002}', 1, '获取版本号', '1', 'das', '2001-12-22 12:22:22', 'das', '2001-12-22 12:22:22');
INSERT INTO `TB_CQ_METHOD_INFO`
VALUES (3, 1, '{$param0,$param1,$param2,$param3}', 1, '添加方法', '0', 'das', '2001-12-22 12:22:22', 'das',
        '2001-12-22 12:22:22');
INSERT INTO `TB_CQ_METHOD_INFO`
VALUES (4, 2, '{$param0,$param1,$param2}', 1, '添加方法类型', '0', 'das', '2001-12-22 12:22:22', 'das',
        '2001-12-22 12:22:22');
INSERT INTO `TB_CQ_METHOD_INFO`
VALUES (1579410713344172033, 0, '{https://gitee.com/dasoopsnicole/dasServer}', 1, '获取项目地址', '0', 'das',
        '2001-12-22 12:22:22', 'das', '2001-12-22 12:22:22');
INSERT INTO `TB_CQ_METHOD_INFO`
VALUES (1579421116438634497, 0, '{CrazyFridayException\r\n	Stack at\r\nvMe50}', 1, '获取错误信息', '1', '776465218',
        '2022-10-10 18:38:33', '776465218', '2022-10-10 18:38:33');
INSERT INTO `TB_CQ_METHOD_INFO`
VALUES (1579424160819589122, 0, '{this is test Method}', 1, '测试方法', '0', '776465218', '2022-10-10 18:50:39',
        '776465218', '2022-10-10 18:50:39');
INSERT INTO `TB_CQ_METHOD_INFO`
VALUES (1579424444354539521, 0, '{大傻逼}', 1, '拍一拍2', '0', '776465218', '2022-10-10 18:51:46', '776465218',
        '2022-10-10 18:51:46');
INSERT INTO `TB_CQ_METHOD_INFO`
VALUES (1579424478676529153, 0, '{我拍一}', 1, '拍一拍1', '0', '776465218', '2022-10-10 18:51:55', '776465218',
        '2022-10-10 18:51:55');
INSERT INTO `TB_CQ_METHOD_INFO`
VALUES (1579435471301431298, 1579433884143243266, '{$param0}', 1, '获取帮助文档/指令描述', '0', '776465218',
        '2022-10-10 19:35:36', '776465218', '2022-10-10 19:35:36');
INSERT INTO `TB_CQ_METHOD_INFO`
VALUES (1579654217093869570, 1579653655149408257, '{}', 1, '更新缓存', '0', '776465218', '2022-10-11 10:04:49', '776465218',
        '2022-10-11 10:04:49');
INSERT INTO `TB_CQ_METHOD_INFO`
VALUES (1579662544364314625, 1579653655149408257, '{}', 1, 'alias for gc', '0', '776465218', '2022-10-11 10:37:54',
        '776465218', '2022-10-11 10:37:54');
INSERT INTO `TB_CQ_METHOD_INFO`
VALUES (1579672321043615745, 1579671773032632322, '{$param0}', 1, '获取错误日志byErrorId', '0', '776465218',
        '2022-10-11 11:16:45', '776465218', '2022-10-11 11:16:45');
INSERT INTO `TB_CQ_METHOD_INFO`
VALUES (1579723876019167233, 1579691187203469314, '{$param0,$param1,$param2}', 1, '存图', '0', '776465218',
        '2022-10-11 14:41:37', '776465218', '2022-10-11 14:41:37');
INSERT INTO `TB_CQ_METHOD_INFO`
VALUES (1579758540658294785, 1579757938784059393, '{$param0}', 1, '取图', '0', '776465218', '2022-10-11 16:59:21',
        '776465218', '2022-10-11 16:59:21');
INSERT INTO `TB_CQ_METHOD_INFO`
VALUES (1579992646943899650, 0, '{机器人}', 1, '拍一拍3', '0', '776465218', '2022-10-12 08:29:37', '776465218',
        '2022-10-12 08:29:37');
INSERT INTO `TB_CQ_METHOD_INFO`
VALUES (1580004670281314305, 1580000677790355458, '{}', 1, 'roll点', '0', '776465218', '2022-10-12 09:17:23',
        '776465218', '2022-10-12 09:17:23');
INSERT INTO `TB_CQ_METHOD_INFO`
VALUES (1580004687108861954, 1580000664561520641, '{}', 1, '结束统计roll点', '0', '776465218', '2022-10-12 09:17:27',
        '776465218', '2022-10-12 09:17:27');
INSERT INTO `TB_CQ_METHOD_INFO`
VALUES (1580015234487382018, 0, '{拍一拍}', 1, '拍一拍4', '0', '1743114170', '2022-10-12 09:59:22', '1743114170',
        '2022-10-12 09:59:22');
INSERT INTO `TB_CQ_METHOD_INFO`
VALUES (1580029526527840257, 0,
        '{\r\n1. (dq) command .addmethodType(String keyword\\, String hasScan\\, String description)\r\n2. (java) 编写方法策略\\,填入methodTypeId\r\n3. (dq) command .addMethod(String keyword\\, String typeKeyword\\, String description\\, {String parametersStr})\r\n}',
        1, '获取增量方法开发帮助', '0', '776465218', '2022-10-12 10:56:09', '776465218', '2022-10-12 10:56:09');
INSERT INTO `TB_CQ_METHOD_INFO`
VALUES (1580126775166046210, 1580126446202589186, '{$param0}', 1, '切换指令风格', '0', '776465218', '2022-10-12 17:22:35',
        '776465218', '2022-10-12 17:22:35');
INSERT INTO `TB_CQ_METHOD_INFO`
VALUES (1580388008487669762, 0, '{你才有问题}', 1, '你有问题', '0', '776465218', '2022-10-13 10:40:38', '776465218',
        '2022-10-13 10:40:38');
INSERT INTO `TB_CQ_METHOD_INFO`
VALUES (1580389388216553473, 1580389375226793985, '{}', 1, 'reboot -自动从master分支pull,maven编译重启程序', '0', '776465218',
        '2022-10-13 10:46:07', '776465218', '2022-10-13 10:46:07');

-- ----------------------------
-- Table structure for TB_CQ_METHOD_TYPE
-- ----------------------------
DROP TABLE IF EXISTS `TB_CQ_METHOD_TYPE`;
CREATE TABLE `TB_CQ_METHOD_TYPE`
(
    `ID`          bigint(0) NOT NULL COMMENT 'ID',
    `KEYWORD`     varchar(255) CHARACTER SET utf8mb4 COLLATE utf8mb4_0900_ai_ci NOT NULL COMMENT '方法关键词',
    `HAS_SCAN`    tinyint(1) NOT NULL COMMENT '是否有输入(0:false;1:true)',
    `DESCRIPTION` varchar(255) CHARACTER SET utf8mb4 COLLATE utf8mb4_0900_ai_ci NOT NULL COMMENT '方法描述',
    `IS_DELETE`   varchar(255) CHARACTER SET utf8mb4 COLLATE utf8mb4_0900_ai_ci NULL DEFAULT NULL COMMENT '逻辑删除(0:未删除;1:删除)',
    `CREATE_USER` varchar(255) CHARACTER SET utf8mb4 COLLATE utf8mb4_0900_ai_ci NULL DEFAULT NULL COMMENT '创建用户',
    `CREATE_TIME` datetime(0) NULL DEFAULT NULL COMMENT '创建时间',
    `UPDATE_USER` varchar(255) CHARACTER SET utf8mb4 COLLATE utf8mb4_0900_ai_ci NULL DEFAULT NULL COMMENT '更新用户',
    `UPDATE_TIME` datetime(0) NULL DEFAULT NULL COMMENT '更新时间',
    PRIMARY KEY (`ID`) USING BTREE
) ENGINE = InnoDB CHARACTER SET = utf8mb4 COLLATE = utf8mb4_0900_ai_ci COMMENT = '方法类型' ROW_FORMAT = Dynamic;

-- ----------------------------
-- Records of TB_CQ_METHOD_TYPE
-- ----------------------------
INSERT INTO `TB_CQ_METHOD_TYPE`
VALUES (0, 'do', 0, '(default output) 默认答复,params(String msg)', '0', 'das', '2001-12-22 12:22:22', 'das',
        '2001-12-22 12:22:22');
INSERT INTO `TB_CQ_METHOD_TYPE`
VALUES (1, 'addmethod', 1,
        '(addMethod) 添加方法,params(String keyword, String typeKeyword,String description ,{String parametersStr})', '0',
        'das', '2001-12-22 12:22:22', 'das', '2001-12-22 12:22:22');
INSERT INTO `TB_CQ_METHOD_TYPE`
VALUES (2, 'addmethodType', 1, '(addMethodType) 添加方法类型,params(String keyword, String hasScan, String description)', '0',
        'das', '2001-12-22 12:22:22', 'das', '2001-12-22 12:22:22');
INSERT INTO `TB_CQ_METHOD_TYPE`
VALUES (1579433884143243266, 'help', 1, '(help)获取命令描述,params(@String methodInfoId)', '0', '776465218',
        '2022-10-10 19:29:17', '776465218', '2022-10-10 19:29:17');
INSERT INTO `TB_CQ_METHOD_TYPE`
VALUES (1579653655149408257, 'gc', 0, '(updateCache,keyword取义自jvm)更新缓存,params()\r\n热部署,新世纪人类的瑰宝', '0', '776465218',
        '2022-10-11 10:02:35', '776465218', '2022-10-11 10:02:35');
INSERT INTO `TB_CQ_METHOD_TYPE`
VALUES (1579671773032632322, 'ge', 1, '(get exception)获取异常方法,params($param)', '0', '776465218', '2022-10-11 11:14:34',
        '776465218', '2022-10-11 11:14:34');
INSERT INTO `TB_CQ_METHOD_TYPE`
VALUES (1579691187203469314, 'saveimage', 1, '(save image)存图,params(String keyword,String imageURL,@String desc)', '0',
        '776465218', '2022-10-11 12:31:43', '776465218', '2022-10-11 12:31:43');
INSERT INTO `TB_CQ_METHOD_TYPE`
VALUES (1579757938784059393, 'getimage', 1, '(get image)取图', '0', '776465218', '2022-10-11 16:56:58', '776465218',
        '2022-10-11 16:56:58');
INSERT INTO `TB_CQ_METHOD_TYPE`
VALUES (1580000664561520641, 'endRoll', 0, '(end roll)结束roll点', '0', '776465218', '2022-10-12 09:01:28', '776465218',
        '2022-10-12 09:01:28');
INSERT INTO `TB_CQ_METHOD_TYPE`
VALUES (1580000677790355458, 'roll', 0, '(roll)roll点', '0', '776465218', '2022-10-12 09:01:31', '776465218',
        '2022-10-12 09:01:31');
INSERT INTO `TB_CQ_METHOD_TYPE`
VALUES (1580126446202589186, 'style', 1, '(style)切换风格,params(String style)', '0', '776465218', '2022-10-12 17:21:17',
        '776465218', '2022-10-12 17:21:17');
INSERT INTO `TB_CQ_METHOD_TYPE`
VALUES (1580389375226793985, 'reboot', 0, '重新启动项目', '0', '776465218', '2022-10-13 10:46:04', '776465218',
        '2022-10-13 10:46:04');

-- ----------------------------
-- Table structure for TB_CQ_PASS_LIST
-- ----------------------------
DROP TABLE IF EXISTS `TB_CQ_PASS_LIST`;
CREATE TABLE `TB_CQ_PASS_LIST`
(
    `ID`             bigint(0) NOT NULL AUTO_INCREMENT COMMENT '主键id',
    `TYPE`           tinyint(1) NOT NULL COMMENT '放行类型(0:群组;1:用户;2:消息类型;3:消息前缀)',
    `PASS_KEYWORD`   varchar(255) CHARACTER SET utf8mb4 COLLATE utf8mb4_0900_ai_ci NOT NULL COMMENT '放行关键词',
    `METHOD_INFO_ID` bigint(0) NOT NULL COMMENT '执行方法详情ID',
    `ENABLE`         tinyint(1) NOT NULL COMMENT '是否启用(0:禁用;1:启用)',
    `IS_DELETE`      varchar(255) CHARACTER SET utf8mb4 COLLATE utf8mb4_0900_ai_ci NULL DEFAULT NULL COMMENT '逻辑删除(0:未删除;1:删除)',
    `CREATE_USER`    varchar(255) CHARACTER SET utf8mb4 COLLATE utf8mb4_0900_ai_ci NULL DEFAULT NULL COMMENT '创建用户',
    `CREATE_TIME`    datetime(0) NULL DEFAULT NULL COMMENT '创建时间',
    `UPDATE_USER`    varchar(255) CHARACTER SET utf8mb4 COLLATE utf8mb4_0900_ai_ci NULL DEFAULT NULL COMMENT '更新用户',
    `UPDATE_TIME`    datetime(0) NULL DEFAULT NULL COMMENT '更新时间',
    PRIMARY KEY (`ID`) USING BTREE
) ENGINE = InnoDB AUTO_INCREMENT = 1580389388237524994 CHARACTER SET = utf8mb4 COLLATE = utf8mb4_0900_ai_ci COMMENT = '过滤白名单' ROW_FORMAT = Dynamic;

-- ----------------------------
-- Records of TB_CQ_PASS_LIST
-- ----------------------------
INSERT INTO `TB_CQ_PASS_LIST`
VALUES (1, 1, '776465218', -1, 1, '0', 'das', '2001-12-22 12:22:22', 'das', '2001-12-22 12:22:22');
INSERT INTO `TB_CQ_PASS_LIST`
VALUES (2, 2, 'meta_event', -1, 0, '0', 'das', '2001-12-22 12:22:22', 'das', '2001-12-22 12:22:22');
INSERT INTO `TB_CQ_PASS_LIST`
VALUES (3, 0, '673745932', -1, 1, '0', 'das', '2001-12-22 12:22:22', 'das', '2001-12-22 12:22:22');
INSERT INTO `TB_CQ_PASS_LIST`
VALUES (4, 2, 'message', -1, 1, '0', 'das', '2001-12-22 12:22:22', 'das', '2001-12-22 12:22:22');
INSERT INTO `TB_CQ_PASS_LIST`
VALUES (5, 3, 'ping', 0, 1, '0', 'das', '2001-12-22 12:22:22', 'das', '2001-12-22 12:22:22');
INSERT INTO `TB_CQ_PASS_LIST`
VALUES (6, 3, 'help', 1, 1, '0', 'das', '2001-12-22 12:22:22', 'das', '2001-12-22 12:22:22');
INSERT INTO `TB_CQ_PASS_LIST`
VALUES (7, 3, 'version', 2, 1, '1', 'das', '2001-12-22 12:22:22', 'das', '2001-12-22 12:22:22');
INSERT INTO `TB_CQ_PASS_LIST`
VALUES (8, 3, 'addMethod', 3, 1, '0', 'das', '2001-12-22 12:22:22', 'das', '2001-12-22 12:22:22');
INSERT INTO `TB_CQ_PASS_LIST`
VALUES (9, 3, 'giturl', 1579410713344172033, 1, '0', 'das', '2001-12-22 12:22:22', 'das', '2001-12-22 12:22:22');
INSERT INTO `TB_CQ_PASS_LIST`
VALUES (10, 3, 'addMethodType', 4, 1, '0', 'das', '2001-12-22 12:22:22', 'das', '2001-12-22 12:22:22');
INSERT INTO `TB_CQ_PASS_LIST`
VALUES (1579421116988088322, 3, 'error', 1579421116438634497, 1, '1', '776465218', '2022-10-10 18:38:33', '776465218',
        '2022-10-10 18:38:33');
INSERT INTO `TB_CQ_PASS_LIST`
VALUES (1579424161314516994, 3, 'testmethod', 1579424160819589122, 1, '0', '776465218', '2022-10-10 18:50:39',
        '776465218', '2022-10-10 18:50:39');
INSERT INTO `TB_CQ_PASS_LIST`
VALUES (1579424444883021825, 3, '我们都是', 1579424444354539521, 1, '0', '776465218', '2022-10-10 18:51:47', '776465218',
        '2022-10-10 18:51:47');
INSERT INTO `TB_CQ_PASS_LIST`
VALUES (1579424479196622849, 3, '你拍一', 1579424478676529153, 1, '0', '776465218', '2022-10-10 18:51:55', '776465218',
        '2022-10-10 18:51:55');
INSERT INTO `TB_CQ_PASS_LIST`
VALUES (1579435471758610433, 3, 'help', 1579435471301431298, 1, '0', '776465218', '2022-10-10 19:35:36', '776465218',
        '2022-10-10 19:35:36');
INSERT INTO `TB_CQ_PASS_LIST`
VALUES (1579654217609768961, 3, 'gc', 1579654217093869570, 1, '0', '776465218', '2022-10-11 10:04:49', '776465218',
        '2022-10-11 10:04:49');
INSERT INTO `TB_CQ_PASS_LIST`
VALUES (1579662544922157057, 3, 'updatecache', 1579662544364314625, 1, '0', '776465218', '2022-10-11 10:37:54',
        '776465218', '2022-10-11 10:37:54');
INSERT INTO `TB_CQ_PASS_LIST`
VALUES (1579672321567903745, 3, 'error', 1579672321043615745, 1, '0', '776465218', '2022-10-11 11:16:45', '776465218',
        '2022-10-11 11:16:45');
INSERT INTO `TB_CQ_PASS_LIST`
VALUES (1579723876820279298, 3, '存图', 1579723876019167233, 1, '0', '776465218', '2022-10-11 14:41:37', '776465218',
        '2022-10-11 14:41:37');
INSERT INTO `TB_CQ_PASS_LIST`
VALUES (1579758541241303041, 3, '取图', 1579758540658294785, 1, '0', '776465218', '2022-10-11 16:59:21', '776465218',
        '2022-10-11 16:59:21');
INSERT INTO `TB_CQ_PASS_LIST`
VALUES (1579992647459799042, 3, '我们都不是', 1579992646943899650, 1, '0', '776465218', '2022-10-12 08:29:37', '776465218',
        '2022-10-12 08:29:37');
INSERT INTO `TB_CQ_PASS_LIST`
VALUES (1580004670939820033, 3, 'roll', 1580004670281314305, 1, '0', '776465218', '2022-10-12 09:17:23', '776465218',
        '2022-10-12 09:17:23');
INSERT INTO `TB_CQ_PASS_LIST`
VALUES (1580004687758979074, 3, 'endroll', 1580004687108861954, 1, '0', '776465218', '2022-10-12 09:17:27', '776465218',
        '2022-10-12 09:17:27');
INSERT INTO `TB_CQ_PASS_LIST`
VALUES (1580015235087167489, 3, '我们都要', 1580015234487382018, 1, '0', '1743114170', '2022-10-12 09:59:22', '1743114170',
        '2022-10-12 09:59:22');
INSERT INTO `TB_CQ_PASS_LIST`
VALUES (1580029527119237122, 3, 'devhelp', 1580029526527840257, 1, '0', '776465218', '2022-10-12 10:56:09', '776465218',
        '2022-10-12 10:56:09');
INSERT INTO `TB_CQ_PASS_LIST`
VALUES (1580126775228960769, 3, 'style', 1580126775166046210, 1, '0', '776465218', '2022-10-12 17:22:35', '776465218',
        '2022-10-12 17:22:35');
INSERT INTO `TB_CQ_PASS_LIST`
VALUES (1580388008538001410, 3, '你有问题', 1580388008487669762, 1, '0', '776465218', '2022-10-13 10:40:38', '776465218',
        '2022-10-13 10:40:38');
INSERT INTO `TB_CQ_PASS_LIST`
VALUES (1580389388237524993, 3, 'reboot', 1580389388216553473, 1, '0', '776465218', '2022-10-13 10:46:07', '776465218',
        '2022-10-13 10:46:07');

-- ----------------------------
-- Table structure for TB_IMAGE_IMAGE_INFO
-- ----------------------------
DROP TABLE IF EXISTS `TB_IMAGE_IMAGE_INFO`;
CREATE TABLE `TB_IMAGE_IMAGE_INFO`
(
    `ID`          bigint(0) NOT NULL COMMENT 'ID',
    `KEYWORD`     varchar(255) CHARACTER SET utf8mb4 COLLATE utf8mb4_0900_ai_ci NOT NULL COMMENT '存/取 关键词',
    `FILE_NAME`   varchar(255) CHARACTER SET utf8mb4 COLLATE utf8mb4_0900_ai_ci NOT NULL COMMENT '存储文件名',
    `TYPE_ID`     bigint(0) NOT NULL COMMENT '图片类型ID',
    `GROUP_ID`    bigint(0) NOT NULL DEFAULT -1 COMMENT '群组ID,私聊存储为-1',
    `AUTHOR_ID`   bigint(0) NOT NULL COMMENT '创建人ID',
    `DESCRIPTION` varchar(255) CHARACTER SET utf8mb4 COLLATE utf8mb4_0900_ai_ci NOT NULL COMMENT '图片描述(OCR)',
    `IS_DELETE`   varchar(255) CHARACTER SET utf8mb4 COLLATE utf8mb4_0900_ai_ci NULL DEFAULT NULL COMMENT '逻辑删除(0:未删除;1:删除)',
    `CREATE_USER` varchar(255) CHARACTER SET utf8mb4 COLLATE utf8mb4_0900_ai_ci NULL DEFAULT NULL COMMENT '创建用户',
    `CREATE_TIME` datetime(0) NULL DEFAULT NULL COMMENT '创建时间',
    `UPDATE_USER` varchar(255) CHARACTER SET utf8mb4 COLLATE utf8mb4_0900_ai_ci NULL DEFAULT NULL COMMENT '更新用户',
    `UPDATE_TIME` datetime(0) NULL DEFAULT NULL COMMENT '更新时间',
    PRIMARY KEY (`ID`) USING BTREE
) ENGINE = InnoDB CHARACTER SET = utf8mb4 COLLATE = utf8mb4_0900_ai_ci COMMENT = '图片信息' ROW_FORMAT = Dynamic;

-- ----------------------------
-- Records of TB_IMAGE_IMAGE_INFO
-- ----------------------------
INSERT INTO `TB_IMAGE_IMAGE_INFO`
VALUES (1579749374619271170, 'test', '375c87b4-1b5f-45ae-9f30-6f2ee17ec62e.jpg', -1, 673745932, 776465218, '', '0',
        '776465218', '2022-10-11 16:22:56', '776465218', '2022-10-11 16:22:56');
INSERT INTO `TB_IMAGE_IMAGE_INFO`
VALUES (1579751529161932802, 'error', 'eb4d73ae-3746-4850-8ceb-64559ed1f3e1.jpg', -1, 673745932, 776465218, '', '0',
        '776465218', '2022-10-11 16:31:30', '776465218', '2022-10-11 16:31:30');
INSERT INTO `TB_IMAGE_IMAGE_INFO`
VALUES (1579752675184197633, '老狗', 'a5c0afdd-0108-4e01-8528-ce5ead77bc8c.jpg', -1, 673745932, 776465218, '', '0',
        '776465218', '2022-10-11 16:36:03', '776465218', '2022-10-11 16:36:03');
INSERT INTO `TB_IMAGE_IMAGE_INFO`
VALUES (1579759407650263041, '傻了', '37ae322c-c79e-4438-adeb-5b25dc07cd7b.jpg', 0, 673745932, 776465218, '', '0',
        '776465218', '2022-10-11 17:02:48', '776465218', '2022-10-11 17:02:48');
INSERT INTO `TB_IMAGE_IMAGE_INFO`
VALUES (1579762486990852098, '来点没看过的', '848e3d76-2de6-4212-9042-bfedae00bca4.jpg', 0, 673745932, 776465218, '', '0',
        '776465218', '2022-10-11 17:15:02', '776465218', '2022-10-11 17:15:02');
INSERT INTO `TB_IMAGE_IMAGE_INFO`
VALUES (1579763687086084098, '突变表', '813ded03-4fa0-4a22-a897-027f2f2aa957.jpg', 0, 673745932, 776465218, '', '0',
        '776465218', '2022-10-11 17:19:48', '776465218', '2022-10-11 17:19:48');
INSERT INTO `TB_IMAGE_IMAGE_INFO`
VALUES (1579772165674455041, '千里眼', '1bf308a4-6e56-46a7-9a1f-7c61037b4a8c.jpg', 0, 673745932, 776465218, '', '0',
        '776465218', '2022-10-11 17:53:30', '776465218', '2022-10-11 17:53:30');
INSERT INTO `TB_IMAGE_IMAGE_INFO`
VALUES (1580028393419837441, '给老子死', '4384e79c-d373-4bcb-83b6-f09a9fdbd280.jpg', 0, 673745932, 776465218, '', '0',
        '776465218', '2022-10-12 10:51:39', '776465218', '2022-10-12 10:51:39');
INSERT INTO `TB_IMAGE_IMAGE_INFO`
VALUES (1580031262235693057, '不写不写', 'a3031073-30c1-47e4-acb6-e3f8e8eed772.jpg', 0, 673745932, 776465218, '', '0',
        '776465218', '2022-10-12 11:03:03', '776465218', '2022-10-12 11:03:03');
INSERT INTO `TB_IMAGE_IMAGE_INFO`
VALUES (1580099380284796929, '好好好', 'a1042403-94da-494d-80d3-ea6365248e4a.jpg', 0, 673745932, 776465218, '', '0',
        '776465218', '2022-10-12 15:33:44', '776465218', '2022-10-12 15:33:44');
INSERT INTO `TB_IMAGE_IMAGE_INFO`
VALUES (1580103199693516802, '同化完成', '81fbdf68-3a8a-46fd-a5d4-06abea16f0c2.jpg', 0, 673745932, 776465218, '', '0',
        '776465218', '2022-10-12 15:48:54', '776465218', '2022-10-12 15:48:54');
INSERT INTO `TB_IMAGE_IMAGE_INFO`
VALUES (1580103878654865409, '草', '8b6b9024-f3ff-49b1-9d4c-2f2cd2a0976d.png', 0, 673745932, 776465218, '', '0',
        '776465218', '2022-10-12 15:51:36', '776465218', '2022-10-12 15:51:36');
INSERT INTO `TB_IMAGE_IMAGE_INFO`
VALUES (1580104512363868161, '好好好2', 'af541241-e00b-494c-ae9c-9e923c362599.jpg', 0, 673745932, 776465218, '', '0',
        '776465218', '2022-10-12 15:54:07', '776465218', '2022-10-12 15:54:07');
INSERT INTO `TB_IMAGE_IMAGE_INFO`
VALUES (1580105056725807106, '水过了', '24555e93-a802-44e1-bc34-a5f1709d9b95.jpg', 0, 673745932, 776465218, '', '0',
        '776465218', '2022-10-12 15:56:17', '776465218', '2022-10-12 15:56:17');
INSERT INTO `TB_IMAGE_IMAGE_INFO`
VALUES (1580110173445337090, '傻了2', '4ead96c3-7078-4412-8662-56d063e192a7.jpg', 0, 673745932, 776465218, '', '0',
        '776465218', '2022-10-12 16:16:37', '776465218', '2022-10-12 16:16:37');
INSERT INTO `TB_IMAGE_IMAGE_INFO`
VALUES (1580111750272954369, '狗头', 'bd12e6de-375b-4fd4-8515-50456492d4f6.jpg', 0, 673745932, 776465218, '', '0',
        '776465218', '2022-10-12 16:22:53', '776465218', '2022-10-12 16:22:53');
INSERT INTO `TB_IMAGE_IMAGE_INFO`
VALUES (1580112588638826498, '不给', '8ec7df72-a4b1-49ce-91bd-e8b86d796cf2.jpg', 0, 673745932, 776465218, '', '0',
        '776465218', '2022-10-12 16:26:13', '776465218', '2022-10-12 16:26:13');
INSERT INTO `TB_IMAGE_IMAGE_INFO`
VALUES (1580112666006958082, '已阅', 'caeb17d0-313f-4fa2-ac5c-bafa506484cc.jpg', 0, 673745932, 776465218, '', '0',
        '776465218', '2022-10-12 16:26:31', '776465218', '2022-10-12 16:26:31');
INSERT INTO `TB_IMAGE_IMAGE_INFO`
VALUES (1580122248232767490, '有了', '846bd462-1b24-4a09-a9c4-2d3828efc3ef.jpg', 0, 673745932, 776465218, '', '0',
        '776465218', '2022-10-12 17:04:36', '776465218', '2022-10-12 17:04:36');
INSERT INTO `TB_IMAGE_IMAGE_INFO`
VALUES (1580165161282473986, '我拿什么跟她比', '9b5a7bc9-1c7a-4026-a37f-b96a72f070e4.jpg', 0, 673745932, 776465218, '', '0',
        '776465218', '2022-10-12 19:55:07', '776465218', '2022-10-12 19:55:07');
INSERT INTO `TB_IMAGE_IMAGE_INFO`
VALUES (1580417260448653314, '啊对对对', 'f08cebea-1778-46d5-bd30-ab67feac08c6.jpg', 0, 673745932, 776465218, '', '0',
        '776465218', '2022-10-13 12:36:52', '776465218', '2022-10-13 12:36:52');
INSERT INTO `TB_IMAGE_IMAGE_INFO`
VALUES (1580417376035282946, '怎么又', 'e658ea07-fe8b-4b62-9057-bc97b627051e.jpg', 0, 673745932, 776465218, '', '0',
        '776465218', '2022-10-13 12:37:20', '776465218', '2022-10-13 12:37:20');
INSERT INTO `TB_IMAGE_IMAGE_INFO`
VALUES (1580421471290863618, '晓希', '5efd9177-259c-4aee-b005-3343684da3df.jpg', 0, 673745932, 776465218, '', '0',
        '776465218', '2022-10-13 12:53:36', '776465218', '2022-10-13 12:53:36');
INSERT INTO `TB_IMAGE_IMAGE_INFO`
VALUES (1580421623988695041, '假笑', 'c16e057a-921d-498e-88bb-d0ec5adac05f.jpg', 0, 673745932, 776465218, '', '0',
        '776465218', '2022-10-13 12:54:13', '776465218', '2022-10-13 12:54:13');
INSERT INTO `TB_IMAGE_IMAGE_INFO`
VALUES (1580422148104728578, '?', '31d1e0d7-f88d-4225-9988-84643f25eeff.jpg', 0, 673745932, 776465218, '', '0',
        '776465218', '2022-10-13 12:56:18', '776465218', '2022-10-13 12:56:18');
INSERT INTO `TB_IMAGE_IMAGE_INFO`
VALUES (1580422409166598145, '振刀', 'ccb3777a-f6e8-46d7-a4aa-307a6d6d9d77.jpg', 0, 673745932, 776465218, '', '0',
        '776465218', '2022-10-13 12:57:20', '776465218', '2022-10-13 12:57:20');
INSERT INTO `TB_IMAGE_IMAGE_INFO`
VALUES (1580422484315942914, '死啊', '880cca52-bee6-4794-8a00-7aed2a397975.jpg', 0, 673745932, 776465218, '', '0',
        '776465218', '2022-10-13 12:57:38', '776465218', '2022-10-13 12:57:38');
INSERT INTO `TB_IMAGE_IMAGE_INFO`
VALUES (1580422992195825666, '我是cb', '9154854c-1198-4b6d-86bd-9914d390a0ba.jpg', 0, 673745932, 776465218, '', '0',
        '776465218', '2022-10-13 12:59:39', '776465218', '2022-10-13 12:59:39');
INSERT INTO `TB_IMAGE_IMAGE_INFO`
VALUES (1580423716208193537, '疯狂星期四', '66bdf732-c51b-4573-b744-2e0bdef00505.jpg', 0, 673745932, 776465218, '', '0',
        '776465218', '2022-10-13 13:02:31', '776465218', '2022-10-13 13:02:31');
INSERT INTO `TB_IMAGE_IMAGE_INFO`
VALUES (1580423768683130882, '疯狂星期四2', 'dbfff249-f1b0-4238-8ca1-2e0370b8d297.jpg', 0, 673745932, 776465218, '', '0',
        '776465218', '2022-10-13 13:02:44', '776465218', '2022-10-13 13:02:44');
INSERT INTO `TB_IMAGE_IMAGE_INFO`
VALUES (1580423813029507073, '疯狂星期四3', '62b576c6-42d2-43bf-b497-9e3369896e52.jpg', 0, 673745932, 776465218, '', '0',
        '776465218', '2022-10-13 13:02:55', '776465218', '2022-10-13 13:02:55');
INSERT INTO `TB_IMAGE_IMAGE_INFO`
VALUES (1580424240865292290, '未成年的目光', 'dfc16453-9e61-4b86-b511-bebb7411b07f.png', 0, 673745932, 776465218, '', '0',
        '776465218', '2022-10-13 13:04:37', '776465218', '2022-10-13 13:04:37');
INSERT INTO `TB_IMAGE_IMAGE_INFO`
VALUES (1580434458149101569, '麻中麻中麻', '035dcb40-638f-4a99-a4b0-61d1f260d4b9.jpg', 0, 673745932, 1743114170, '', '0',
        '1743114170', '2022-10-13 13:45:13', '1743114170', '2022-10-13 13:45:13');
INSERT INTO `TB_IMAGE_IMAGE_INFO`
VALUES (1580436321372180482, '麻了', 'b471fef8-1770-4dfb-83e3-29d902cacfc4.jpg', 0, 673745932, 776465218, '', '0',
        '776465218', '2022-10-13 13:52:37', '776465218', '2022-10-13 13:52:37');
INSERT INTO `TB_IMAGE_IMAGE_INFO`
VALUES (1580439982050443266, '恶心', '676f81ce-6aea-4290-8ea5-4689b298f705.jpg', 0, 673745932, 80000000, '', '0',
        '80000000', '2022-10-13 14:07:10', '80000000', '2022-10-13 14:07:10');
INSERT INTO `TB_IMAGE_IMAGE_INFO`
VALUES (1580440236200099842, '我觉得很恶星', '93a72105-6a37-4b82-838a-730aeb6a09d7.jpg', 0, 673745932, 1743114170, '', '0',
        '1743114170', '2022-10-13 14:08:10', '1743114170', '2022-10-13 14:08:10');
INSERT INTO `TB_IMAGE_IMAGE_INFO`
VALUES (1580441191498973185, '没办法人家就是好色嘛', 'c56cb1a8-1678-4dda-8401-6dc9dd2fc57f.jpg', 0, 673745932, 601372611, '', '0',
        '601372611', '2022-10-13 14:11:58', '601372611', '2022-10-13 14:11:58');
INSERT INTO `TB_IMAGE_IMAGE_INFO`
VALUES (1580441361255038977,
        '我小猫咪也绝非善类\r\n[CQ:image,file=1e8dc037fb653924e923be111952576c.image,subType=0,url=https://gchat.qpic.cn/gchatpic_new/601372611/673745932-2800214138-1E8DC037FB653924E923BE111952576C/0?term=3]',
        '957248f0-1c0c-405f-b212-220f70b01e48.jpg', 0, 673745932, 601372611, '', '0', '601372611',
        '2022-10-13 14:12:38', '601372611', '2022-10-13 14:12:38');

-- ----------------------------
-- Table structure for TB_IMAGE_IMAGE_TYPE
-- ----------------------------
DROP TABLE IF EXISTS `TB_IMAGE_IMAGE_TYPE`;
CREATE TABLE `TB_IMAGE_IMAGE_TYPE`
(
    `ID`          bigint(0) NOT NULL COMMENT 'ID',
    `INNER_CODE`  varchar(255) CHARACTER SET utf8mb4 COLLATE utf8mb4_0900_ai_ci NOT NULL COMMENT '软编码',
    `DESCRIPTION` varchar(255) CHARACTER SET utf8mb4 COLLATE utf8mb4_0900_ai_ci NOT NULL COMMENT '图片类型描述',
    `IS_DELETE`   varchar(255) CHARACTER SET utf8mb4 COLLATE utf8mb4_0900_ai_ci NULL DEFAULT NULL COMMENT '逻辑删除(0:未删除;1:删除)',
    `CREATE_USER` varchar(255) CHARACTER SET utf8mb4 COLLATE utf8mb4_0900_ai_ci NULL DEFAULT NULL COMMENT '创建用户',
    `CREATE_TIME` datetime(0) NULL DEFAULT NULL COMMENT '创建时间',
    `UPDATE_USER` varchar(255) CHARACTER SET utf8mb4 COLLATE utf8mb4_0900_ai_ci NULL DEFAULT NULL COMMENT '更新用户',
    `UPDATE_TIME` datetime(0) NULL DEFAULT NULL COMMENT '更新时间',
    PRIMARY KEY (`ID`) USING BTREE
) ENGINE = InnoDB CHARACTER SET = utf8mb4 COLLATE = utf8mb4_0900_ai_ci COMMENT = '图片类型' ROW_FORMAT = Dynamic;

-- ----------------------------
-- Records of TB_IMAGE_IMAGE_TYPE
-- ----------------------------
INSERT INTO `TB_IMAGE_IMAGE_TYPE`
VALUES (0, 'default', 'default', '0', 'das', '2001-12-22 12:22:22', 'das', '2001-12-22 12:22:22');
INSERT INTO `TB_IMAGE_IMAGE_TYPE`
VALUES (1, 'sexy', '涩图', '0', 'das', '2001-12-22 12:22:22', 'das', '2001-12-22 12:22:22');
INSERT INTO `TB_IMAGE_IMAGE_TYPE`
VALUES (2, 'sfw', 'safe for work 的涩图', '0', 'das', '2001-12-22 12:22:22', 'das', '2001-12-22 12:22:22');
INSERT INTO `TB_IMAGE_IMAGE_TYPE`
VALUES (3, 'njd', '语录(那你jj短10cm)', '0', 'das', '2001-12-22 12:22:22', 'das', '2001-12-22 12:22:22');
INSERT INTO `TB_IMAGE_IMAGE_TYPE`
VALUES (4, 'pcr', 'pcr表情包', '0', 'das', '2001-12-22 12:22:22', 'das', '2001-12-22 12:22:22');
INSERT INTO `TB_IMAGE_IMAGE_TYPE`
VALUES (5, 'cat', '碧蓝航线表情包', '0', 'das', '2001-12-22 12:22:22', 'das', '2001-12-22 12:22:22');
INSERT INTO `TB_IMAGE_IMAGE_TYPE`
VALUES (6, 'simple', '简单表情包', '0', 'das', '2001-12-22 12:22:22', 'das', '2001-12-22 12:22:22');
INSERT INTO `TB_IMAGE_IMAGE_TYPE`
VALUES (7, 'temp', 'temp(临时)', '0', 'das', '2001-12-22 12:22:22', 'das', '2001-12-22 12:22:22');
INSERT INTO `TB_IMAGE_IMAGE_TYPE`
VALUES (8, 'alasLog', 'alas日志', '0', 'das', '2001-12-22 12:22:22', 'das', '2001-12-22 12:22:22');

-- ----------------------------
-- Table structure for TB_OTHER_SC2_MUTATION
-- ----------------------------
DROP TABLE IF EXISTS `TB_OTHER_SC2_MUTATION`;
CREATE TABLE `TB_OTHER_SC2_MUTATION`
(
    `ID`          bigint(0) NOT NULL COMMENT 'ID',
    `NAME`        varchar(255) CHARACTER SET utf8mb4 COLLATE utf8mb4_0900_ai_ci NOT NULL COMMENT '突变名',
    `FACTOR`      varchar(255) CHARACTER SET utf8mb4 COLLATE utf8mb4_0900_ai_ci NOT NULL COMMENT '因子',
    `MAP`         varchar(255) CHARACTER SET utf8mb4 COLLATE utf8mb4_0900_ai_ci NOT NULL COMMENT '地图',
    `IS_DELETE`   varchar(255) CHARACTER SET utf8mb4 COLLATE utf8mb4_0900_ai_ci NULL DEFAULT NULL COMMENT '逻辑删除(0:未删除;1:删除)',
    `CREATE_USER` varchar(255) CHARACTER SET utf8mb4 COLLATE utf8mb4_0900_ai_ci NULL DEFAULT NULL COMMENT '创建用户',
    `CREATE_TIME` datetime(0) NULL DEFAULT NULL COMMENT '创建时间',
    `UPDATE_USER` varchar(255) CHARACTER SET utf8mb4 COLLATE utf8mb4_0900_ai_ci NULL DEFAULT NULL COMMENT '更新用户',
    `UPDATE_TIME` datetime(0) NULL DEFAULT NULL COMMENT '更新时间',
    PRIMARY KEY (`ID`) USING BTREE
) ENGINE = InnoDB CHARACTER SET = utf8mb4 COLLATE = utf8mb4_0900_ai_ci COMMENT = 'sc2 突变' ROW_FORMAT = Dynamic;

-- ----------------------------
-- Records of TB_OTHER_SC2_MUTATION
-- ----------------------------

-- ----------------------------
-- Table structure for TB_SYS_DICTIONARY
-- ----------------------------
DROP TABLE IF EXISTS `TB_SYS_DICTIONARY`;
CREATE TABLE `TB_SYS_DICTIONARY`
(
    `ID`          bigint(0) NOT NULL COMMENT 'ID',
    `PARENT_ID`   bigint(0) NOT NULL COMMENT '父类索引',
    `DICT_CODE`   varchar(20) CHARACTER SET utf8 COLLATE utf8_general_ci NOT NULL COMMENT '字典编码',
    `DICT_VALUE`  varchar(60) CHARACTER SET utf8 COLLATE utf8_general_ci NOT NULL COMMENT '字典描述',
    `HAS_CHILD`   tinyint(0) NOT NULL COMMENT '是否有子数据(0:否;1:是;)',
    `IS_DELETE`   varchar(255) CHARACTER SET utf8mb4 COLLATE utf8mb4_0900_ai_ci NULL DEFAULT NULL COMMENT '逻辑删除(0:未删除;1:删除)',
    `CREATE_USER` varchar(255) CHARACTER SET utf8mb4 COLLATE utf8mb4_0900_ai_ci NULL DEFAULT NULL COMMENT '创建用户',
    `CREATE_TIME` datetime(0) NULL DEFAULT NULL COMMENT '创建时间',
    `UPDATE_USER` varchar(255) CHARACTER SET utf8mb4 COLLATE utf8mb4_0900_ai_ci NULL DEFAULT NULL COMMENT '更新用户',
    `UPDATE_TIME` datetime(0) NULL DEFAULT NULL COMMENT '更新时间',
    PRIMARY KEY (`ID`) USING BTREE
) ENGINE = InnoDB CHARACTER SET = utf8mb4 COLLATE = utf8mb4_0900_ai_ci COMMENT = '字典表' ROW_FORMAT = Dynamic;

-- ----------------------------
-- Records of TB_SYS_DICTIONARY
-- ----------------------------
INSERT INTO `TB_SYS_DICTIONARY`
VALUES (0, -1, 'messageType', '消息类型', 1, '0', 'das', '2001-12-22 12:22:22', 'das', '2001-12-22 12:22:22');
INSERT INTO `TB_SYS_DICTIONARY`
VALUES (1, 0, '0', 'group', 0, '0', 'das', '2001-12-22 12:22:22', 'das', '2001-12-22 12:22:22');
INSERT INTO `TB_SYS_DICTIONARY`
VALUES (2, 0, '1', 'private', 0, '0', 'das', '2001-12-22 12:22:22', 'das', '2001-12-22 12:22:22');
INSERT INTO `TB_SYS_DICTIONARY`
VALUES (3, 0, '2', '消息类型(metaEventType)', 0, '0', 'das', '2001-12-22 12:22:22', 'das', '2001-12-22 12:22:22');
INSERT INTO `TB_SYS_DICTIONARY`
VALUES (4, 0, '-1', '未知', 0, '0', 'das', '2001-12-22 12:22:22', 'das', '2001-12-22 12:22:22');
INSERT INTO `TB_SYS_DICTIONARY`
VALUES (5, 0, '3', '消息前缀', 0, '0', 'das', '2001-12-22 12:22:22', 'das', '2001-12-22 12:22:22');
INSERT INTO `TB_SYS_DICTIONARY`
VALUES (6, -1, 'postType', 'go_cqhttp消息类型', 1, '0', 'das', '2001-12-22 12:22:22', 'das', '2001-12-22 12:22:22');
INSERT INTO `TB_SYS_DICTIONARY`
VALUES (7, 0, 'message', 'message', 0, '0', 'das', '2001-12-22 12:22:22', 'das', '2001-12-22 12:22:22');
INSERT INTO `TB_SYS_DICTIONARY`
VALUES (8, 0, 'request', 'request', 0, '0', 'das', '2001-12-22 12:22:22', 'das', '2001-12-22 12:22:22');
INSERT INTO `TB_SYS_DICTIONARY`
VALUES (9, 0, 'notice', 'notice', 0, '0', 'das', '2001-12-22 12:22:22', 'das', '2001-12-22 12:22:22');
INSERT INTO `TB_SYS_DICTIONARY`
VALUES (10, 0, 'meta_event', 'meta_event', 0, '0', 'das', '2001-12-22 12:22:22', 'das', '2001-12-22 12:22:22');

SET
FOREIGN_KEY_CHECKS = 1;
